"[""time"", 1553]"
"[""image"", 1212]"
"[""don"", 713]"
"[""food"", 495]"
"[""data"", 442]"
"[""work"", 433]"
"[""place"", 426]"
"[""money"", 422]"
"[""information"", 418]"
"[""life"", 414]"
"[""travel"", 412]"
"[""city"", 406]"
"[""home"", 383]"
"[""search"", 368]"
"[""around"", 353]"
"[""many"", 352]"
"[""use"", 352]"
"[""looking"", 352]"
"[""connect"", 347]"
"[""tool"", 343]"
"[""experience"", 340]"
"[""music"", 327]"
"[""build"", 326]"
"[""business"", 322]"
"[""world"", 321]"
"[""fun"", 321]"
"[""most"", 319]"
"[""buy"", 319]"
"[""lack"", 310]"
"[""location"", 308]"
"[""between"", 304]"
"[""meet"", 301]"
"[""berlin"", 299]"
"[""project"", 298]"
"[""how"", 298]"
"[""solution"", 296]"
"[""order"", 296]"
"[""service"", 293]"
"[""community"", 289]"
"[""book"", 287]"
"[""just"", 283]"
"[""market"", 282]"
"[""learn"", 278]"
"[""very"", 278]"
"[""group"", 278]"
"[""play"", 277]"
"[""sports"", 277]"
"[""application"", 276]"
"[""art"", 274]"
"[""see"", 273]"
"[""without"", 272]"
"[""too"", 267]"
"[""price"", 266]"
"[""own"", 266]"
"[""access"", 263]"
"[""easily"", 259]"
"[""management"", 257]"
"[""discover"", 254]"
"[""game"", 248]"
"[""club"", 248]"
"[""manage"", 246]"
"[""available"", 242]"
"[""choose"", 240]"
"[""save"", 239]"
"[""would"", 239]"
"[""track"", 238]"
"[""tech"", 234]"
"[""pour"", 233]"
"[""let"", 232]"
"[""finding"", 230]"
"[""day"", 230]"
"[""trip"", 229]"
"[""sport"", 223]"
"[""process"", 221]"
"[""browse"", 218]"
"[""give"", 216]"
"[""customer"", 216]"
"[""take"", 214]"
"[""product"", 214]"
"[""much"", 213]"
"[""match"", 211]"
"[""while"", 211]"
"[""into"", 209]"
"[""event"", 207]"
"[""barcelona"", 204]"
"[""improve"", 203]"
"[""plan"", 201]"
"[""keep"", 201]"
"[""offer"", 201]"
"[""network"", 200]"
"[""working"", 200]"
"[""his"", 198]"
"[""needs"", 197]"
"[""eat"", 195]"
"[""provide"", 193]"
"[""restaurant"", 193]"
"[""than"", 191]"
"[""site"", 191]"
"[""everyone"", 189]"
"[""job"", 188]"
"[""because"", 187]"
"[""could"", 186]"
"[""pay"", 186]"
"[""list"", 183]"
"[""space"", 182]"
"[""spend"", 178]"
"[""quality"", 176]"
"[""making"", 175]"
"[""booking"", 174]"
"[""team"", 171]"
"[""language"", 170]"
"[""daily"", 170]"
"[""budget"", 170]"
"[""system"", 169]"
"[""add"", 169]"
"[""struggle"", 168]"
"[""interface"", 167]"
"[""also"", 164]"
"[""pain"", 161]"
"[""sell"", 159]"
"[""already"", 159]"
"[""mobile"", 157]"
"[""car"", 157]"
"[""knowledge"", 156]"
"[""never"", 156]"
"[""waste"", 156]"
"[""always"", 156]"
"[""set"", 155]"
"[""school"", 155]"
"[""map"", 152]"
"[""allow"", 151]"
"[""lot"", 150]"
"[""professional"", 150]"
"[""health"", 147]"
"[""well"", 146]"
"[""shanghai"", 145]"
"[""learning"", 145]"
"[""communication"", 145]"
"[""year"", 144]"
"[""after"", 142]"
"[""estate"", 141]"
"[""care"", 140]"
"[""person"", 139]"
"[""end"", 139]"
"[""its"", 138]"
"[""meal"", 138]"
"[""love"", 136]"
"[""going"", 136]"
"[""level"", 134]"
"[""profile"", 134]"
"[""friend"", 133]"
"[""something"", 133]"
"[""start"", 133]"
"[""today"", 130]"
"[""date"", 130]"
"[""change"", 130]"
"[""non"", 130]"
"[""house"", 128]"
"[""living"", 127]"
"[""check"", 126]"
"[""click"", 125]"
"[""media"", 125]"
"[""read"", 125]"
"[""impact"", 125]"
"[""alone"", 124]"
"[""bali"", 123]"
"[""cost"", 122]"
"[""enjoy"", 122]"
"[""getting"", 122]"
"[""delivery"", 121]"
"[""dashboard"", 120]"
"[""consuming"", 118]"
"[""plus"", 118]"
"[""challenge"", 117]"
"[""video"", 116]"
"[""store"", 116]"
"[""rio"", 115]"
"[""yet"", 115]"
"[""rent"", 113]"
"[""environment"", 113]"
"[""really"", 112]"
"[""post"", 112]"
"[""shop"", 111]"
"[""join"", 111]"
"[""university"", 111]"
"[""then"", 110]"
"[""main"", 110]"
"[""send"", 110]"
"[""anyone"", 110]"
"[""still"", 109]"
"[""currently"", 109]"
"[""especially"", 109]"
"[""over"", 108]"
"[""chat"", 108]"
"[""now"", 108]"
"[""traveling"", 107]"
"[""been"", 107]"
"[""current"", 107]"
"[""dog"", 106]"
"[""shopping"", 106]"
"[""connected"", 106]"
"[""select"", 105]"
"[""show"", 104]"
"[""company"", 104]"
"[""pro"", 104]"
"[""themselves"", 102]"
"[""ask"", 102]"
"[""view"", 102]"
"[""run"", 102]"
"[""before"", 102]"
"[""bet"", 101]"
"[""wine"", 101]"
"[""code"", 100]"
"[""pick"", 100]"
"[""compare"", 99]"
"[""bring"", 99]"
"[""fit"", 98]"
"[""family"", 98]"
"[""should"", 98]"
"[""helping"", 98]"
"[""bar"", 97]"
"[""easier"", 97]"
"[""according"", 97]"
"[""education"", 97]"
"[""sur"", 97]"
"[""demand"", 96]"
"[""follow"", 96]"
"[""cooking"", 96]"
"[""weather"", 96]"
"[""think"", 96]"
"[""focus"", 96]"
"[""payment"", 96]"
"[""stay"", 95]"
"[""staff"", 95]"
"[""enough"", 94]"
"[""such"", 94]"
"[""exchange"", 94]"
"[""research"", 94]"
"[""skill"", 94]"
"[""public"", 93]"
"[""relevant"", 93]"
"[""within"", 93]"
"[""week"", 93]"
"[""building"", 93]"
"[""look"", 92]"
"[""owner"", 92]"
"[""doing"", 92]"
"[""sustainable"", 91]"
"[""support"", 91]"
"[""via"", 91]"
"[""destination"", 91]"
"[""top"", 91]"
"[""area"", 90]"
"[""gym"", 90]"
"[""office"", 90]"
"[""hotel"", 90]"
"[""account"", 88]"
"[""exist"", 88]"
"[""night"", 88]"
"[""organize"", 88]"
"[""tinder"", 87]"
"[""clothes"", 87]"
"[""industry"", 87]"
"[""once"", 87]"
"[""potential"", 86]"
"[""training"", 86]"
"[""multiple"", 85]"
"[""news"", 85]"
"[""analysis"", 84]"
"[""feel"", 84]"
"[""stuff"", 84]"
"[""receive"", 84]"
"[""schedule"", 84]"
"[""problem"", 84]"
"[""style"", 84]"
"[""sure"", 84]"
"[""put"", 82]"
"[""everything"", 82]"
"[""paper"", 82]"
"[""call"", 81]"
"[""type"", 81]"
"[""phone"", 81]"
"[""beer"", 81]"
"[""administrative"", 80]"
"[""activity"", 80]"
"[""number"", 80]"
"[""design"", 80]"
"[""program"", 80]"
"[""partner"", 80]"
"[""everyday"", 79]"
"[""dream"", 79]"
"[""efficient"", 79]"
"[""age"", 79]"
"[""stop"", 79]"
"[""amateur"", 78]"
"[""student"", 78]"
"[""page"", 78]"
"[""lead"", 78]"
"[""quickly"", 78]"
"[""rate"", 78]"
"[""cook"", 77]"
"[""rental"", 77]"
"[""come"", 77]"
"[""step"", 77]"
"[""guide"", 76]"
"[""again"", 75]"
"[""dating"", 75]"
"[""searching"", 75]"
"[""interested"", 75]"
"[""matching"", 75]"
"[""collect"", 74]"
"[""either"", 73]"
"[""idea"", 73]"
"[""practice"", 73]"
"[""nothing"", 73]"
"[""financial"", 73]"
"[""less"", 73]"
"[""movie"", 73]"
"[""pet"", 73]"
"[""global"", 73]"
"[""calendar"", 72]"
"[""under"", 72]"
"[""hand"", 72]"
"[""develop"", 72]"
"[""side"", 72]"
"[""weekend"", 72]"
"[""times"", 72]"
"[""task"", 72]"
"[""par"", 71]"
"[""offering"", 71]"
"[""target"", 71]"
"[""away"", 71]"
"[""neighborhood"", 71]"
"[""spending"", 71]"
"[""course"", 71]"
"[""trade"", 71]"
"[""spot"", 71]"
"[""self"", 70]"
"[""criteria"", 70]"
"[""interest"", 70]"
"[""messenger"", 70]"
"[""part"", 70]"
"[""opportunity"", 70]"
"[""segment"", 70]"
"[""income"", 69]"
"[""term"", 69]"
"[""interactive"", 69]"
"[""ever"", 69]"
"[""invest"", 68]"
"[""availability"", 68]"
"[""solve"", 68]"
"[""buddy"", 67]"
"[""two"", 67]"
"[""country"", 67]"
"[""trying"", 67]"
"[""wagon"", 67]"
"[""parking"", 67]"
"[""furniture"", 66]"
"[""audience"", 66]"
"[""abroad"", 66]"
"[""reading"", 66]"
"[""done"", 66]"
"[""win"", 66]"
"[""wait"", 65]"
"[""earn"", 65]"
"[""moving"", 65]"
"[""word"", 65]"
"[""convenient"", 65]"
"[""independent"", 65]"
"[""answer"", 65]"
"[""amount"", 65]"
"[""days"", 65]"
"[""running"", 65]"
"[""doctor"", 64]"
"[""does"", 64]"
"[""painful"", 64]"
"[""future"", 64]"
"[""watch"", 63]"
"[""tennis"", 63]"
"[""child"", 63]"
"[""face"", 63]"
"[""wanting"", 62]"
"[""display"", 62]"
"[""become"", 62]"
"[""flight"", 62]"
"[""per"", 62]"
"[""marketing"", 62]"
"[""technology"", 62]"
"[""anywhere"", 61]"
"[""train"", 61]"
"[""menu"", 61]"
"[""investment"", 61]"
"[""organization"", 61]"
"[""point"", 61]"
"[""contact"", 60]"
"[""fashion"", 60]"
"[""plant"", 60]"
"[""providing"", 60]"
"[""enter"", 60]"
"[""feed"", 60]"
"[""native"", 60]"
"[""simplify"", 60]"
"[""issue"", 59]"
"[""yourself"", 59]"
"[""insurance"", 59]"
"[""feature"", 59]"
"[""mind"", 59]"
"[""model"", 59]"
"[""lose"", 58]"
"[""trust"", 58]"
"[""cash"", 58]"
"[""story"", 58]"
"[""foreign"", 58]"
"[""manager"", 58]"
"[""volunteer"", 58]"
"[""given"", 58]"
"[""skate"", 58]"
"[""decision"", 57]"
"[""field"", 57]"
"[""taking"", 57]"
"[""off"", 57]"
"[""sometimes"", 57]"
"[""choice"", 57]"
"[""individual"", 57]"
"[""fill"", 57]"
"[""bike"", 57]"
"[""try"", 57]"
"[""carbon"", 57]"
"[""nearby"", 57]"
"[""classes"", 57]"
"[""automatically"", 57]"
"[""meeting"", 57]"
"[""innovative"", 56]"
"[""vote"", 56]"
"[""class"", 56]"
"[""client"", 56]"
"[""property"", 56]"
"[""increase"", 56]"
"[""was"", 56]"
"[""party"", 56]"
"[""value"", 56]"
"[""engine"", 56]"
"[""tour"", 56]"
"[""inside"", 56]"
"[""audio"", 55]"
"[""gaming"", 55]"
"[""links"", 55]"
"[""understand"", 55]"
"[""alternative"", 55]"
"[""progress"", 55]"
"[""para"", 54]"
"[""actually"", 54]"
"[""lunch"", 54]"
"[""analytics"", 54]"
"[""usually"", 54]"
"[""drink"", 54]"
"[""write"", 54]"
"[""visit"", 54]"
"[""ride"", 54]"
"[""line"", 54]"
"[""board"", 53]"
"[""performance"", 53]"
"[""holiday"", 53]"
"[""enable"", 53]"
"[""built"", 53]"
"[""instantly"", 53]"
"[""advice"", 53]"
"[""size"", 53]"
"[""saving"", 52]"
"[""simply"", 52]"
"[""bank"", 52]"
"[""record"", 52]"
"[""peer"", 52]"
"[""surf"", 52]"
"[""dinner"", 51]"
"[""energy"", 51]"
"[""form"", 51]"
"[""beach"", 51]"
"[""flexible"", 51]"
"[""feedback"", 51]"
"[""generate"", 51]"
"[""photo"", 51]"
"[""pitch"", 51]"
"[""transport"", 51]"
"[""explore"", 50]"
"[""yoga"", 50]"
"[""room"", 50]"
"[""portfolio"", 50]"
"[""bot"", 50]"
"[""communicate"", 50]"
"[""society"", 50]"
"[""credit"", 50]"
"[""effective"", 50]"
"[""vision"", 50]"
"[""goal"", 50]"
"[""gather"", 50]"
"[""everybody"", 50]"
"[""chance"", 49]"
"[""test"", 49]"
"[""request"", 49]"
"[""central"", 49]"
"[""question"", 49]"
"[""visual"", 49]"
"[""cannot"", 49]"
"[""itinerary"", 49]"
"[""why"", 49]"
"[""related"", 49]"
"[""football"", 49]"
"[""package"", 49]"
"[""men"", 49]"
"[""coming"", 49]"
"[""millions"", 49]"
"[""least"", 49]"
"[""random"", 49]"
"[""extra"", 49]"
"[""break"", 49]"
"[""sort"", 48]"
"[""teacher"", 48]"
"[""hub"", 48]"
"[""gift"", 48]"
"[""footprint"", 48]"
"[""moment"", 48]"
"[""selling"", 48]"
"[""missing"", 48]"
"[""among"", 47]"
"[""rating"", 47]"
"[""production"", 47]"
"[""link"", 47]"
"[""town"", 47]"
"[""walk"", 47]"
"[""special"", 47]"
"[""stuck"", 47]"
"[""recipe"", 47]"
"[""wish"", 46]"
"[""basis"", 46]"
"[""treatment"", 46]"
"[""routine"", 46]"
"[""option"", 46]"
"[""here"", 46]"
"[""college"", 46]"
"[""directly"", 46]"
"[""lots"", 46]"
"[""homeless"", 46]"
"[""fix"", 45]"
"[""developer"", 45]"
"[""patient"", 45]"
"[""did"", 45]"
"[""affordable"", 45]"
"[""inspiration"", 44]"
"[""exercise"", 44]"
"[""career"", 44]"
"[""due"", 44]"
"[""consumer"", 44]"
"[""approach"", 44]"
"[""skilled"", 44]"
"[""artist"", 44]"
"[""engage"", 44]"
"[""commerce"", 44]"
"[""must"", 44]"
"[""assistant"", 44]"
"[""might"", 44]"
"[""population"", 44]"
"[""screen"", 44]"
"[""outside"", 43]"
"[""connection"", 43]"
"[""none"", 43]"
"[""selection"", 43]"
"[""transportation"", 43]"
"[""card"", 43]"
"[""propose"", 43]"
"[""collaborative"", 43]"
"[""reach"", 43]"
"[""clothing"", 43]"
"[""journey"", 43]"
"[""dynamic"", 43]"
"[""text"", 43]"
"[""advertising"", 43]"
"[""afford"", 43]"
"[""japan"", 42]"
"[""wasting"", 42]"
"[""goods"", 42]"
"[""host"", 42]"
"[""difficulty"", 42]"
"[""cultural"", 42]"
"[""keeping"", 42]"
"[""traditional"", 42]"
"[""equipment"", 42]"
"[""sign"", 42]"
"[""tell"", 41]"
"[""reduce"", 41]"
"[""designed"", 41]"
"[""possibility"", 41]"
"[""remember"", 41]"
"[""china"", 41]"
"[""subscription"", 41]"
"[""workplace"", 41]"
"[""improvement"", 41]"
"[""certain"", 41]"
"[""invite"", 41]"
"[""savvy"", 41]"
"[""sending"", 41]"
"[""fitness"", 41]"
"[""rather"", 41]"
"[""solo"", 40]"
"[""dogs"", 40]"
"[""ability"", 40]"
"[""fully"", 40]"
"[""grow"", 40]"
"[""action"", 40]"
"[""nous"", 40]"
"[""control"", 40]"
"[""wedding"", 40]"
"[""visiting"", 39]"
"[""middle"", 39]"
"[""curious"", 39]"
"[""productivity"", 39]"
"[""showcase"", 39]"
"[""name"", 39]"
"[""various"", 39]"
"[""ville"", 39]"
"[""found"", 39]"
"[""optimize"", 39]"
"[""review"", 39]"
"[""pub"", 39]"
"[""dish"", 39]"
"[""street"", 39]"
"[""eating"", 39]"
"[""studio"", 39]"
"[""niche"", 38]"
"[""algorithm"", 38]"
"[""competition"", 38]"
"[""outdoor"", 38]"
"[""rely"", 38]"
"[""cause"", 38]"
"[""brand"", 38]"
"[""however"", 38]"
"[""machine"", 38]"
"[""supermarket"", 38]"
"[""topic"", 38]"
"[""mid"", 38]"
"[""down"", 38]"
"[""luxury"", 38]"
"[""functionality"", 38]"
"[""secure"", 38]"
"[""trading"", 38]"
"[""source"", 38]"
"[""culture"", 38]"
"[""donate"", 38]"
"[""door"", 37]"
"[""mental"", 37]"
"[""interact"", 37]"
"[""cheese"", 37]"
"[""human"", 37]"
"[""talent"", 37]"
"[""regularly"", 37]"
"[""older"", 37]"
"[""starting"", 37]"
"[""against"", 37]"
"[""her"", 37]"
"[""volleyball"", 36]"
"[""coach"", 36]"
"[""deal"", 36]"
"[""move"", 36]"
"[""status"", 36]"
"[""register"", 36]"
"[""whether"", 35]"
"[""quiz"", 35]"
"[""hostel"", 35]"
"[""filter"", 35]"
"[""compete"", 35]"
"[""interaction"", 35]"
"[""motivation"", 35]"
"[""net"", 35]"
"[""combine"", 35]"
"[""minded"", 35]"
"[""awareness"", 35]"
"[""opinion"", 35]"
"[""waiting"", 35]"
"[""accessible"", 35]"
"[""seeking"", 34]"
"[""environmental"", 34]"
"[""organized"", 34]"
"[""table"", 34]"
"[""touch"", 34]"
"[""traffic"", 34]"
"[""regarding"", 34]"
"[""balance"", 34]"
"[""input"", 34]"
"[""inefficient"", 34]"
"[""hair"", 34]"
"[""facilitate"", 34]"
"[""him"", 34]"
"[""sessions"", 34]"
"[""agenda"", 34]"
"[""technical"", 34]"
"[""geo"", 34]"
"[""matter"", 34]"
"[""ways"", 34]"
"[""towards"", 34]"
"[""integration"", 34]"
"[""agency"", 33]"
"[""inventory"", 33]"
"[""garden"", 33]"
"[""mainly"", 33]"
"[""driving"", 33]"
"[""intelligence"", 33]"
"[""planet"", 33]"
"[""hire"", 33]"
"[""testing"", 33]"
"[""works"", 33]"
"[""inform"", 33]"
"[""gain"", 33]"
"[""anything"", 33]"
"[""score"", 33]"
"[""comes"", 33]"
"[""creation"", 33]"
"[""cancer"", 33]"
"[""manually"", 33]"
"[""drive"", 33]"
"[""channel"", 33]"
"[""educational"", 33]"
"[""stress"", 33]"
"[""specialized"", 33]"
"[""charity"", 33]"
"[""suitable"", 33]"
"[""computer"", 32]"
"[""taste"", 32]"
"[""nature"", 32]"
"[""van"", 32]"
"[""sale"", 32]"
"[""housing"", 32]"
"[""vincent"", 32]"
"[""talk"", 32]"
"[""hospital"", 32]"
"[""revenue"", 32]"
"[""tattoo"", 32]"
"[""diet"", 32]"
"[""scrapping"", 32]"
"[""mix"", 32]"
"[""construction"", 32]"
"[""efficiently"", 32]"
"[""chain"", 32]"
"[""speaking"", 32]"
"[""instead"", 32]"
"[""avoid"", 32]"
"[""evaluate"", 32]"
"[""address"", 32]"
"[""minute"", 32]"
"[""film"", 32]"
"[""accept"", 32]"
"[""science"", 32]"
"[""visibility"", 31]"
"[""proposer"", 31]"
"[""bid"", 31]"
"[""situation"", 31]"
"[""provider"", 31]"
"[""quite"", 31]"
"[""economy"", 31]"
"[""recruitment"", 31]"
"[""electricity"", 31]"
"[""aller"", 31]"
"[""file"", 31]"
"[""personality"", 31]"
"[""comparison"", 31]"
"[""lover"", 31]"
"[""collection"", 31]"
"[""suggest"", 31]"
"[""power"", 31]"
"[""millennial"", 31]"
"[""involved"", 31]"
"[""infrastructure"", 31]"
"[""efficiency"", 31]"
"[""print"", 30]"
"[""scale"", 30]"
"[""head"", 30]"
"[""promote"", 30]"
"[""leave"", 30]"
"[""fantasy"", 30]"
"[""deliver"", 30]"
"[""fund"", 30]"
"[""dining"", 30]"
"[""push"", 30]"
"[""musical"", 30]"
"[""angle"", 30]"
"[""paying"", 30]"
"[""lawyer"", 30]"
"[""master"", 30]"
"[""stock"", 30]"
"[""betting"", 30]"
"[""beginner"", 30]"
"[""emergency"", 30]"
"[""conversation"", 30]"
"[""academy"", 30]"
"[""wasted"", 30]"
"[""struggling"", 30]"
"[""passion"", 30]"
"[""return"", 30]"
"[""constantly"", 30]"
"[""stage"", 29]"
"[""mostly"", 29]"
"[""couple"", 29]"
"[""crowd"", 29]"
"[""hassle"", 29]"
"[""nightmare"", 29]"
"[""chapter"", 29]"
"[""selected"", 29]"
"[""forecast"", 29]"
"[""miss"", 29]"
"[""message"", 29]"
"[""displayed"", 29]"
"[""relation"", 29]"
"[""comparator"", 29]"
"[""sector"", 29]"
"[""brazil"", 29]"
"[""collaboration"", 29]"
"[""across"", 29]"
"[""advertise"", 29]"
"[""planner"", 29]"
"[""development"", 28]"
"[""cinema"", 28]"
"[""collaborate"", 28]"
"[""race"", 28]"
"[""speak"", 28]"
"[""stream"", 28]"
"[""risk"", 28]"
"[""ticket"", 28]"
"[""somewhere"", 28]"
"[""road"", 28]"
"[""concierge"", 28]"
"[""meaningful"", 28]"
"[""else"", 28]"
"[""baby"", 28]"
"[""identify"", 28]"
"[""finally"", 28]"
"[""writing"", 28]"
"[""may"", 28]"
"[""everywhere"", 28]"
"[""outdated"", 28]"
"[""pin"", 28]"
"[""informed"", 28]"
"[""nutritional"", 28]"
"[""spare"", 28]"
"[""listen"", 28]"
"[""overview"", 28]"
"[""discovery"", 28]"
"[""got"", 28]"
"[""tackle"", 28]"
"[""overwhelming"", 28]"
"[""adventure"", 28]"
"[""portal"", 28]"
"[""charge"", 28]"
"[""citizen"", 27]"
"[""yours"", 27]"
"[""feeling"", 27]"
"[""trouble"", 27]"
"[""jean"", 27]"
"[""highly"", 27]"
"[""nor"", 27]"
"[""distance"", 27]"
"[""turn"", 27]"
"[""forget"", 27]"
"[""generation"", 27]"
"[""history"", 27]"
"[""security"", 27]"
"[""casual"", 27]"
"[""growth"", 27]"
"[""tournament"", 27]"
"[""excel"", 27]"
"[""produce"", 27]"
"[""sentiment"", 27]"
"[""prepare"", 27]"
"[""loyalty"", 27]"
"[""worker"", 27]"
"[""pack"", 27]"
"[""reservation"", 27]"
"[""cloud"", 27]"
"[""believe"", 26]"
"[""participate"", 26]"
"[""losing"", 26]"
"[""range"", 26]"
"[""adapt"", 26]"
"[""period"", 26]"
"[""borrow"", 26]"
"[""attend"", 26]"
"[""benjamin"", 26]"
"[""setup"", 26]"
"[""purchase"", 26]"
"[""item"", 26]"
"[""attention"", 26]"
"[""conte"", 26]"
"[""successful"", 26]"
"[""organizer"", 26]"
"[""update"", 26]"
"[""funds"", 26]"
"[""bit"", 26]"
"[""increasing"", 26]"
"[""custom"", 26]"
"[""sheet"", 26]"
"[""environmentally"", 26]"
"[""cycle"", 26]"
"[""pool"", 26]"
"[""easiest"", 25]"
"[""include"", 25]"
"[""spent"", 25]"
"[""extension"", 25]"
"[""unable"", 25]"
"[""route"", 25]"
"[""library"", 25]"
"[""practitioner"", 25]"
"[""apply"", 25]"
"[""since"", 25]"
"[""kitchen"", 25]"
"[""donation"", 25]"
"[""appointment"", 25]"
"[""extremely"", 25]"
"[""depending"", 25]"
"[""manual"", 25]"
"[""presence"", 25]"
"[""wherever"", 25]"
"[""slack"", 25]"
"[""beauty"", 25]"
"[""increasingly"", 25]"
"[""specifically"", 25]"
"[""tourism"", 25]"
"[""seek"", 25]"
"[""presentation"", 25]"
"[""chosen"", 25]"
"[""behind"", 25]"
"[""understanding"", 25]"
"[""instant"", 25]"
"[""dont"", 24]"
"[""desire"", 24]"
"[""popularity"", 24]"
"[""scraping"", 24]"
"[""encourage"", 24]"
"[""worth"", 24]"
"[""enhance"", 24]"
"[""goes"", 24]"
"[""body"", 24]"
"[""were"", 24]"
"[""transaction"", 24]"
"[""targeted"", 24]"
"[""majority"", 24]"
"[""browser"", 24]"
"[""teach"", 24]"
"[""barrier"", 24]"
"[""disaster"", 24]"
"[""gap"", 24]"
"[""ruby"", 24]"
"[""report"", 24]"
"[""loan"", 24]"
"[""tout"", 24]"
"[""contents"", 24]"
"[""mission"", 24]"
"[""prototype"", 24]"
"[""death"", 24]"
"[""derby"", 24]"
"[""base"", 24]"
"[""month"", 24]"
"[""concept"", 24]"
"[""park"", 24]"
"[""whose"", 24]"
"[""martin"", 24]"
"[""log"", 24]"
"[""coffee"", 24]"
"[""throw"", 24]"
"[""twitter"", 24]"
"[""band"", 23]"
"[""victor"", 23]"
"[""longer"", 23]"
"[""adopt"", 23]"
"[""desk"", 23]"
"[""picture"", 23]"
"[""description"", 23]"
"[""mark"", 23]"
"[""spread"", 23]"
"[""frequently"", 23]"
"[""study"", 23]"
"[""comprehensive"", 23]"
"[""document"", 23]"
"[""wishing"", 23]"
"[""boost"", 23]"
"[""tax"", 23]"
"[""despite"", 23]"
"[""evening"", 23]"
"[""thanks"", 23]"
"[""login"", 23]"
"[""auto"", 23]"
"[""venue"", 23]"
"[""implement"", 23]"
"[""gambling"", 23]"
"[""happiness"", 23]"
"[""repetitive"", 23]"
"[""swipe"", 23]"
"[""thus"", 22]"
"[""finish"", 22]"
"[""happening"", 22]"
"[""category"", 22]"
"[""visualization"", 22]"
"[""politics"", 22]"
"[""pharmacy"", 22]"
"[""medication"", 22]"
"[""reconnect"", 22]"
"[""protect"", 22]"
"[""effectively"", 22]"
"[""employee"", 22]"
"[""million"", 22]"
"[""watching"", 22]"
"[""faster"", 22]"
"[""government"", 22]"
"[""grocery"", 22]"
"[""path"", 22]"
"[""pic"", 22]"
"[""happen"", 22]"
"[""mood"", 22]"
"[""calculate"", 22]"
"[""following"", 22]"
"[""pass"", 22]"
"[""ensure"", 22]"
"[""safety"", 22]"
"[""three"", 22]"
"[""concerning"", 22]"
"[""finance"", 22]"
"[""suffer"", 22]"
"[""sum"", 22]"
"[""album"", 22]"
"[""example"", 22]"
"[""additional"", 22]"
"[""perform"", 22]"
"[""nights"", 22]"
"[""subscribe"", 21]"
"[""vacation"", 21]"
"[""responsive"", 21]"
"[""profit"", 21]"
"[""please"", 21]"
"[""gallery"", 21]"
"[""result"", 21]"
"[""tend"", 21]"
"[""min"", 21]"
"[""typical"", 21]"
"[""driven"", 21]"
"[""improving"", 21]"
"[""hunting"", 21]"
"[""surprise"", 21]"
"[""thinking"", 21]"
"[""innovation"", 21]"
"[""adoption"", 21]"
"[""position"", 21]"
"[""nowadays"", 21]"
"[""higher"", 21]"
"[""banking"", 21]"
"[""flexibility"", 21]"
"[""welfare"", 21]"
"[""alumni"", 21]"
"[""diagnosis"", 20]"
"[""addiction"", 20]"
"[""corporate"", 20]"
"[""collective"", 20]"
"[""forward"", 20]"
"[""investor"", 20]"
"[""son"", 20]"
"[""catch"", 20]"
"[""ecological"", 20]"
"[""jam"", 20]"
"[""parcel"", 20]"
"[""ben"", 20]"
"[""genre"", 20]"
"[""serve"", 20]"
"[""referral"", 20]"
"[""slide"", 20]"
"[""disease"", 20]"
"[""outfit"", 20]"
"[""storage"", 20]"
"[""rock"", 20]"
"[""excuse"", 20]"
"[""bottle"", 20]"
"[""hike"", 20]"
"[""swap"", 20]"
"[""currency"", 20]"
"[""unnecessary"", 20]"
"[""guest"", 20]"
"[""require"", 20]"
"[""vegetable"", 20]"
"[""motivate"", 20]"
"[""flow"", 20]"
"[""sound"", 20]"
"[""gestion"", 20]"
"[""billion"", 20]"
"[""festival"", 20]"
"[""aim"", 20]"
"[""beat"", 20]"
"[""assign"", 20]"
"[""showing"", 20]"
"[""whenever"", 20]"
"[""sake"", 20]"
"[""resort"", 20]"
"[""song"", 20]"
"[""deaf"", 20]"
"[""inspiring"", 20]"
"[""locally"", 20]"
"[""musician"", 20]"
"[""repair"", 20]"
"[""pocket"", 19]"
"[""directory"", 19]"
"[""desired"", 19]"
"[""mode"", 19]"
"[""had"", 19]"
"[""relationship"", 19]"
"[""particular"", 19]"
"[""slot"", 19]"
"[""rest"", 19]"
"[""fact"", 19]"
"[""agora"", 19]"
"[""repeat"", 19]"
"[""gathering"", 19]"
"[""saved"", 19]"
"[""discussion"", 19]"
"[""browsing"", 19]"
"[""sensitive"", 19]"
"[""tap"", 19]"
"[""prefer"", 19]"
"[""relief"", 19]"
"[""continue"", 19]"
"[""bin"", 19]"
"[""supply"", 19]"
"[""maybe"", 19]"
"[""member"", 19]"
"[""bateau"", 19]"
"[""beta"", 19]"
"[""broad"", 19]"
"[""bien"", 19]"
"[""bachelor"", 19]"
"[""chef"", 19]"
"[""influencer"", 19]"
"[""say"", 19]"
"[""consulting"", 19]"
"[""hobby"", 19]"
"[""reference"", 19]"
"[""calculation"", 19]"
"[""reducing"", 19]"
"[""scan"", 19]"
"[""lev"", 19]"
"[""battle"", 19]"
"[""sift"", 19]"
"[""drop"", 19]"
"[""suffering"", 19]"
"[""centralize"", 19]"
"[""woman"", 19]"
"[""shipping"", 19]"
"[""contribute"", 18]"
"[""habit"", 18]"
"[""marc"", 18]"
"[""runner"", 18]"
"[""fellow"", 18]"
"[""queue"", 18]"
"[""assistance"", 18]"
"[""inspired"", 18]"
"[""capacity"", 18]"
"[""fight"", 18]"
"[""transfer"", 18]"
"[""response"", 18]"
"[""purpose"", 18]"
"[""act"", 18]"
"[""salesperson"", 18]"
"[""theme"", 18]"
"[""laura"", 18]"
"[""ton"", 18]"
"[""sans"", 18]"
"[""submit"", 18]"
"[""leaving"", 18]"
"[""completely"", 18]"
"[""mail"", 18]"
"[""adult"", 18]"
"[""skin"", 18]"
"[""mon"", 18]"
"[""conversion"", 18]"
"[""sold"", 18]"
"[""generally"", 18]"
"[""further"", 18]"
"[""statistics"", 18]"
"[""stressful"", 18]"
"[""setting"", 18]"
"[""balcony"", 18]"
"[""bus"", 18]"
"[""almost"", 18]"
"[""visualize"", 18]"
"[""variety"", 18]"
"[""transparency"", 18]"
"[""privacy"", 17]"
"[""pickup"", 17]"
"[""hosting"", 17]"
"[""blood"", 17]"
"[""pressure"", 17]"
"[""facing"", 17]"
"[""closer"", 17]"
"[""intuitive"", 17]"
"[""recommendation"", 17]"
"[""man"", 17]"
"[""consumption"", 17]"
"[""needing"", 17]"
"[""button"", 17]"
"[""confidence"", 17]"
"[""tree"", 17]"
"[""voting"", 17]"
"[""wash"", 17]"
"[""accordingly"", 17]"
"[""attendance"", 17]"
"[""translation"", 17]"
"[""doc"", 17]"
"[""distribution"", 17]"
"[""nearest"", 17]"
"[""boat"", 17]"
"[""lie"", 17]"
"[""advisor"", 17]"
"[""bubble"", 17]"
"[""climbing"", 16]"
"[""harry"", 16]"
"[""express"", 16]"
"[""soon"", 16]"
"[""bother"", 16]"
"[""driver"", 16]"
"[""cart"", 16]"
"[""loss"", 16]"
"[""bill"", 16]"
"[""plumbing"", 16]"
"[""seen"", 16]"
"[""established"", 16]"
"[""linked"", 16]"
"[""walking"", 16]"
"[""interpreter"", 16]"
"[""cut"", 16]"
"[""contraception"", 16]"
"[""emerald"", 16]"
"[""pushing"", 16]"
"[""chronic"", 16]"
"[""pop"", 16]"
"[""coaching"", 16]"
"[""saga"", 16]"
"[""kennel"", 16]"
"[""engaged"", 16]"
"[""cross"", 16]"
"[""monitor"", 16]"
"[""homework"", 16]"
"[""faced"", 16]"
"[""filtering"", 16]"
"[""particularly"", 16]"
"[""gratitude"", 16]"
"[""plug"", 16]"
"[""assist"", 16]"
"[""overcome"", 16]"
"[""dressmaker"", 16]"
"[""reality"", 16]"
"[""exposure"", 16]"
"[""intermediate"", 16]"
"[""autonomous"", 16]"
"[""satisfaction"", 16]"
"[""effects"", 16]"
"[""technician"", 16]"
"[""engaging"", 16]"
"[""memory"", 16]"
"[""ice"", 16]"
"[""renovation"", 16]"
"[""upon"", 16]"
"[""selective"", 16]"
"[""concern"", 16]"
"[""dev"", 16]"
"[""bound"", 16]"
"[""explain"", 16]"
"[""posture"", 16]"
"[""accountability"", 16]"
"[""corner"", 16]"
"[""apparel"", 16]"
"[""beyond"", 16]"
"[""discipline"", 16]"
"[""she"", 16]"
"[""upcoming"", 16]"
"[""electronic"", 16]"
"[""tailor"", 16]"
"[""expand"", 16]"
"[""notification"", 16]"
"[""hero"", 16]"
"[""tenant"", 16]"
"[""passer"", 16]"
"[""revolution"", 15]"
"[""lend"", 15]"
"[""buyer"", 15]"
"[""ahead"", 15]"
"[""affected"", 15]"
"[""teaching"", 15]"
"[""biggest"", 15]"
"[""hope"", 15]"
"[""haven"", 15]"
"[""met"", 15]"
"[""apartment"", 15]"
"[""overall"", 15]"
"[""minimum"", 15]"
"[""truly"", 15]"
"[""region"", 15]"
"[""unlike"", 15]"
"[""integrate"", 15]"
"[""ass"", 15]"
"[""cutting"", 15]"
"[""animal"", 15]"
"[""confirmed"", 15]"
"[""role"", 15]"
"[""imagine"", 15]"
"[""charitable"", 15]"
"[""contribution"", 15]"
"[""breaking"", 15]"
"[""dealing"", 15]"
"[""camera"", 15]"
"[""beginning"", 15]"
"[""economic"", 15]"
"[""preference"", 15]"
"[""orientation"", 15]"
"[""bread"", 15]"
"[""lower"", 15]"
"[""streets"", 15]"
"[""trucks"", 15]"
"[""sporty"", 15]"
"[""younger"", 15]"
"[""ate"", 15]"
"[""contract"", 15]"
"[""clue"", 15]"
"[""dine"", 15]"
"[""scoring"", 15]"
"[""revolutionary"", 15]"
"[""voice"", 15]"
"[""guitar"", 15]"
"[""participation"", 15]"
"[""brain"", 15]"
"[""immediately"", 15]"
"[""air"", 15]"
"[""spoken"", 15]"
"[""rocket"", 15]"
"[""becomes"", 15]"
"[""achieve"", 15]"
"[""guess"", 15]"
"[""timing"", 15]"
"[""fee"", 15]"
"[""household"", 15]"
"[""sam"", 15]"
"[""analyse"", 15]"
"[""possibly"", 15]"
"[""included"", 15]"
"[""becoming"", 15]"
"[""mouth"", 15]"
"[""choosing"", 15]"
"[""until"", 15]"
"[""commission"", 14]"
"[""personalization"", 14]"
"[""happier"", 14]"
"[""crew"", 14]"
"[""remains"", 14]"
"[""bookkeeping"", 14]"
"[""educate"", 14]"
"[""thing"", 14]"
"[""counter"", 14]"
"[""stick"", 14]"
"[""establish"", 14]"
"[""distribute"", 14]"
"[""cleaning"", 14]"
"[""journal"", 14]"
"[""pedro"", 14]"
"[""conference"", 14]"
"[""accommodation"", 14]"
"[""whatever"", 14]"
"[""enjoying"", 14]"
"[""divorce"", 14]"
"[""agent"", 14]"
"[""potentially"", 14]"
"[""produced"", 14]"
"[""effort"", 14]"
"[""medicine"", 14]"
"[""function"", 14]"
"[""theater"", 14]"
"[""throughout"", 14]"
"[""ingredient"", 14]"
"[""linking"", 14]"
"[""sao"", 14]"
"[""digitally"", 14]"
"[""gem"", 14]"
"[""ligne"", 14]"
"[""condition"", 14]"
"[""incredibly"", 14]"
"[""chose"", 14]"
"[""harder"", 14]"
"[""coin"", 14]"
"[""tripper"", 14]"
"[""exactly"", 14]"
"[""obtain"", 14]"
"[""pendant"", 14]"
"[""provided"", 14]"
"[""background"", 14]"
"[""length"", 14]"
"[""comment"", 14]"
"[""timetable"", 14]"
"[""lee"", 14]"
"[""golf"", 14]"
"[""classroom"", 14]"
"[""isolating"", 14]"
"[""maintenance"", 14]"
"[""measure"", 14]"
"[""aid"", 14]"
"[""enroll"", 14]"
"[""eric"", 14]"
"[""exploring"", 14]"
"[""eventually"", 14]"
"[""discount"", 14]"
"[""intake"", 13]"
"[""scanner"", 13]"
"[""difference"", 13]"
"[""entertainment"", 13]"
"[""celebrity"", 13]"
"[""wear"", 13]"
"[""anxiety"", 13]"
"[""finder"", 13]"
"[""salon"", 13]"
"[""state"", 13]"
"[""occasion"", 13]"
"[""taboo"", 13]"
"[""streaming"", 13]"
"[""balanced"", 13]"
"[""cole"", 13]"
"[""socially"", 13]"
"[""opening"", 13]"
"[""petit"", 13]"
"[""forum"", 13]"
"[""das"", 13]"
"[""simpler"", 13]"
"[""therefore"", 13]"
"[""seamless"", 13]"
"[""compliant"", 13]"
"[""evolution"", 13]"
"[""agree"", 13]"
"[""probably"", 13]"
"[""recruiting"", 13]"
"[""physically"", 13]"
"[""crux"", 13]"
"[""nutrition"", 13]"
"[""define"", 13]"
"[""panel"", 13]"
"[""handle"", 13]"
"[""won"", 13]"
"[""aide"", 13]"
"[""immersive"", 13]"
"[""maintain"", 13]"
"[""haircut"", 13]"
"[""batch"", 13]"
"[""backlog"", 12]"
"[""election"", 12]"
"[""mentorship"", 12]"
"[""german"", 12]"
"[""aiming"", 12]"
"[""validate"", 12]"
"[""possess"", 12]"
"[""metrics"", 12]"
"[""whereabouts"", 12]"
"[""analyze"", 12]"
"[""suit"", 12]"
"[""vending"", 12]"
"[""technique"", 12]"
"[""expose"", 12]"
"[""halfway"", 12]"
"[""thought"", 12]"
"[""gif"", 12]"
"[""climate"", 12]"
"[""spontaneous"", 12]"
"[""received"", 12]"
"[""hive"", 12]"
"[""mother"", 12]"
"[""prayer"", 12]"
"[""operator"", 12]"
"[""chess"", 12]"
"[""century"", 12]"
"[""tourist"", 12]"
"[""earth"", 12]"
"[""taught"", 12]"
"[""inspire"", 12]"
"[""priority"", 12]"
"[""athlete"", 12]"
"[""benefit"", 12]"
"[""logistics"", 12]"
"[""reminder"", 12]"
"[""laundry"", 12]"
"[""relative"", 12]"
"[""kill"", 12]"
"[""water"", 12]"
"[""resume"", 12]"
"[""safely"", 12]"
"[""candidate"", 12]"
"[""recognition"", 12]"
"[""syndic"", 12]"
"[""farmer"", 12]"
"[""farm"", 12]"
"[""retail"", 12]"
"[""financially"", 12]"
"[""associated"", 12]"
"[""bicycle"", 12]"
"[""duty"", 12]"
"[""harassment"", 12]"
"[""mercy"", 12]"
"[""glasses"", 12]"
"[""lab"", 12]"
"[""splitting"", 12]"
"[""tonight"", 12]"
"[""navigate"", 12]"
"[""ease"", 12]"
"[""scanning"", 12]"
"[""engagement"", 12]"
"[""commune"", 12]"
"[""dance"", 12]"
"[""dancing"", 12]"
"[""bloomers"", 12]"
"[""pleasure"", 12]"
"[""ultimately"", 12]"
"[""zone"", 12]"
"[""perfume"", 12]"
"[""vitta"", 12]"
"[""friction"", 12]"
"[""hedge"", 12]"
"[""warn"", 12]"
"[""phase"", 12]"
"[""allied"", 12]"
"[""locate"", 12]"
"[""flutter"", 12]"
"[""replacement"", 12]"
"[""trend"", 12]"
"[""compatible"", 12]"
"[""clap"", 12]"
"[""daunting"", 12]"
"[""recruit"", 12]"
"[""diagnostic"", 12]"
"[""soul"", 12]"
"[""roller"", 12]"
"[""council"", 12]"
"[""release"", 12]"
"[""enthusiast"", 12]"
"[""logbook"", 12]"
"[""walt"", 12]"
"[""falcon"", 12]"
"[""flavour"", 12]"
"[""south"", 12]"
"[""therapist"", 12]"
"[""soup"", 12]"
"[""prep"", 12]"
"[""sky"", 12]"
"[""observe"", 12]"
"[""karma"", 12]"
"[""mal"", 12]"
"[""headache"", 12]"
"[""proposal"", 12]"
"[""bon"", 12]"
"[""whom"", 12]"
"[""tip"", 12]"
"[""jump"", 12]"
"[""mate"", 12]"
"[""folder"", 12]"
"[""horror"", 12]"
"[""filling"", 12]"
"[""asyla"", 12]"
"[""resource"", 12]"
"[""consume"", 12]"
"[""ana"", 12]"
"[""nest"", 12]"
"[""shelter"", 12]"
"[""ski"", 12]"
"[""posting"", 12]"
"[""leisure"", 12]"
"[""refugee"", 12]"
"[""resettlement"", 12]"
"[""generic"", 12]"
"[""vive"", 12]"
"[""baggage"", 12]"
"[""drone"", 12]"
"[""latest"", 12]"
"[""cample"", 12]"
"[""vegetal"", 12]"
"[""costing"", 12]"
"[""continuous"", 12]"
"[""interview"", 12]"
"[""kite"", 12]"
"[""center"", 12]"
"[""curate"", 12]"
"[""exhibit"", 12]"
"[""accounting"", 12]"
"[""rotation"", 12]"
"[""pair"", 12]"
"[""crop"", 12]"
"[""scalable"", 12]"
"[""conversational"", 12]"
"[""trump"", 12]"
"[""fidelity"", 12]"
"[""proven"", 12]"
"[""booked"", 12]"
"[""sleeping"", 12]"
"[""distracted"", 12]"
"[""evacuation"", 12]"
"[""sprint"", 12]"
"[""timer"", 12]"
"[""wall"", 12]"
"[""tutor"", 12]"
"[""involve"", 12]"
"[""changer"", 12]"
"[""optimization"", 12]"
"[""trajet"", 12]"
"[""advance"", 12]"
"[""tribe"", 12]"
"[""indecision"", 12]"
"[""electrical"", 12]"
"[""kim"", 12]"
"[""pinpoint"", 11]"
"[""hunt"", 11]"
"[""absolutely"", 11]"
"[""usual"", 11]"
"[""objective"", 11]"
"[""pile"", 11]"
"[""liquor"", 11]"
"[""encouraging"", 11]"
"[""rarely"", 11]"
"[""registration"", 11]"
"[""matcher"", 11]"
"[""national"", 11]"
"[""designing"", 11]"
"[""landing"", 11]"
"[""kit"", 11]"
"[""material"", 11]"
"[""innovate"", 11]"
"[""weight"", 11]"
"[""cuisine"", 11]"
"[""searchable"", 11]"
"[""publish"", 11]"
"[""ideally"", 11]"
"[""streamline"", 11]"
"[""robin"", 11]"
"[""racket"", 11]"
"[""respect"", 11]"
"[""streamlined"", 11]"
"[""reputation"", 11]"
"[""checked"", 11]"
"[""assessment"", 11]"
"[""assess"", 11]"
"[""reserve"", 11]"
"[""convert"", 11]"
"[""middleman"", 11]"
"[""bedroom"", 11]"
"[""historical"", 11]"
"[""method"", 11]"
"[""land"", 11]"
"[""breakdown"", 11]"
"[""graph"", 11]"
"[""clubbing"", 11]"
"[""existent"", 11]"
"[""empower"", 11]"
"[""listening"", 11]"
"[""realize"", 11]"
"[""alongside"", 11]"
"[""excess"", 11]"
"[""duit"", 11]"
"[""atmosphere"", 11]"
"[""filled"", 11]"
"[""stocks"", 11]"
"[""parent"", 11]"
"[""suggestion"", 11]"
"[""poorly"", 11]"
"[""silva"", 11]"
"[""recycle"", 11]"
"[""clarity"", 11]"
"[""tried"", 11]"
"[""mechanic"", 11]"
"[""decided"", 11]"
"[""took"", 11]"
"[""lengthy"", 11]"
"[""leverage"", 11]"
"[""turns"", 11]"
"[""gold"", 11]"
"[""comfort"", 11]"
"[""usage"", 11]"
"[""hardly"", 11]"
"[""came"", 11]"
"[""lien"", 11]"
"[""entry"", 11]"
"[""fear"", 11]"
"[""era"", 11]"
"[""sea"", 11]"
"[""inconsistent"", 11]"
"[""remove"", 11]"
"[""climb"", 11]"
"[""pollution"", 11]"
"[""intensive"", 11]"
"[""youth"", 11]"
"[""learned"", 11]"
"[""heaven"", 11]"
"[""plenty"", 11]"
"[""independence"", 11]"
"[""multiplication"", 11]"
"[""later"", 11]"
"[""disrupt"", 11]"
"[""vice"", 11]"
"[""suggesting"", 11]"
"[""arrange"", 11]"
"[""shot"", 11]"
"[""speed"", 11]"
"[""tomorrow"", 11]"
"[""crisis"", 11]"
"[""documentation"", 11]"
"[""strategy"", 11]"
"[""case"", 11]"
"[""difficile"", 11]"
"[""unreliable"", 11]"
"[""wit"", 11]"
"[""semi"", 11]"
"[""independently"", 11]"
"[""arrive"", 11]"
"[""player"", 11]"
"[""sit"", 11]"
"[""rid"", 11]"
"[""decide"", 11]"
"[""prepared"", 11]"
"[""loneliness"", 11]"
"[""proof"", 11]"
"[""mani"", 11]"
"[""label"", 11]"
"[""ourselves"", 10]"
"[""anna"", 10]"
"[""autonomy"", 10]"
"[""campus"", 10]"
"[""poll"", 10]"
"[""subject"", 10]"
"[""forme"", 10]"
"[""aspect"", 10]"
"[""pimp"", 10]"
"[""unlock"", 10]"
"[""learner"", 10]"
"[""commitment"", 10]"
"[""note"", 10]"
"[""falling"", 10]"
"[""typically"", 10]"
"[""launch"", 10]"
"[""rehearse"", 10]"
"[""gen"", 10]"
"[""inefficiency"", 10]"
"[""reclaim"", 10]"
"[""prediction"", 10]"
"[""mobility"", 10]"
"[""supporting"", 10]"
"[""policy"", 10]"
"[""specially"", 10]"
"[""unemployed"", 10]"
"[""causing"", 10]"
"[""democratic"", 10]"
"[""calculator"", 10]"
"[""core"", 10]"
"[""count"", 10]"
"[""digitize"", 10]"
"[""frustration"", 10]"
"[""gas"", 10]"
"[""confirm"", 10]"
"[""seller"", 10]"
"[""forced"", 10]"
"[""proposition"", 10]"
"[""captain"", 10]"
"[""along"", 10]"
"[""morning"", 10]"
"[""craft"", 10]"
"[""basket"", 10]"
"[""joe"", 10]"
"[""boom"", 10]"
"[""harm"", 10]"
"[""photography"", 10]"
"[""though"", 10]"
"[""rant"", 10]"
"[""contain"", 10]"
"[""reduced"", 10]"
"[""thumb"", 10]"
"[""applied"", 10]"
"[""resolve"", 10]"
"[""therapy"", 10]"
"[""accessibility"", 10]"
"[""commons"", 10]"
"[""hall"", 10]"
"[""solar"", 10]"
"[""above"", 10]"
"[""livre"", 10]"
"[""degree"", 10]"
"[""lift"", 10]"
"[""magic"", 10]"
"[""brick"", 10]"
"[""defined"", 10]"
"[""labor"", 10]"
"[""depression"", 10]"
"[""commercial"", 10]"
"[""creativity"", 10]"
"[""beverage"", 10]"
"[""failure"", 10]"
"[""draw"", 10]"
"[""maria"", 10]"
"[""ago"", 10]"
"[""aggregator"", 10]"
"[""distributed"", 10]"
"[""season"", 10]"
"[""plane"", 10]"
"[""operation"", 10]"
"[""senior"", 10]"
"[""observation"", 10]"
"[""vocabulary"", 10]"
"[""economically"", 10]"
"[""caretaker"", 10]"
"[""speaker"", 10]"
"[""notify"", 10]"
"[""commuter"", 10]"
"[""fail"", 9]"
"[""hazard"", 9]"
"[""insect"", 9]"
"[""digitalize"", 9]"
"[""represent"", 9]"
"[""chrome"", 9]"
"[""traveller"", 9]"
"[""meaning"", 9]"
"[""employer"", 9]"
"[""drug"", 9]"
"[""maximize"", 9]"
"[""divvy"", 9]"
"[""mooring"", 9]"
"[""structure"", 9]"
"[""pratique"", 9]"
"[""logic"", 9]"
"[""archive"", 9]"
"[""portion"", 9]"
"[""billy"", 9]"
"[""hate"", 9]"
"[""caroline"", 9]"
"[""inflation"", 9]"
"[""exclusive"", 9]"
"[""edit"", 9]"
"[""brunch"", 9]"
"[""added"", 9]"
"[""flitter"", 9]"
"[""clement"", 9]"
"[""pot"", 9]"
"[""draft"", 9]"
"[""tables"", 9]"
"[""port"", 9]"
"[""achar"", 9]"
"[""settled"", 9]"
"[""conveniently"", 9]"
"[""freedom"", 9]"
"[""centric"", 9]"
"[""graduate"", 9]"
"[""wage"", 9]"
"[""getaway"", 9]"
"[""hug"", 9]"
"[""reuse"", 9]"
"[""cleaner"", 9]"
"[""curation"", 9]"
"[""intellectual"", 9]"
"[""instruction"", 9]"
"[""considered"", 9]"
"[""mat"", 9]"
"[""dos"", 9]"
"[""therapeutic"", 9]"
"[""saturated"", 8]"
"[""entering"", 8]"
"[""enrich"", 8]"
"[""dressed"", 8]"
"[""billing"", 8]"
"[""traveler"", 8]"
"[""bought"", 8]"
"[""manufacturer"", 8]"
"[""prior"", 8]"
"[""filao"", 8]"
"[""actionable"", 8]"
"[""clubhouse"", 8]"
"[""debt"", 8]"
"[""lavender"", 8]"
"[""war"", 8]"
"[""paste"", 8]"
"[""sketch"", 8]"
"[""copy"", 8]"
"[""bakehouse"", 8]"
"[""unexpected"", 8]"
"[""volley"", 8]"
"[""manger"", 8]"
"[""navigation"", 8]"
"[""consistently"", 8]"
"[""prone"", 8]"
"[""dress"", 8]"
"[""kept"", 8]"
"[""nowhere"", 8]"
"[""loop"", 8]"
"[""sustain"", 8]"
"[""lingo"", 8]"
"[""procrastination"", 8]"
"[""notice"", 8]"
"[""dictate"", 8]"
"[""usability"", 8]"
"[""priced"", 8]"
"[""indoor"", 8]"
"[""winner"", 8]"
"[""handed"", 8]"
"[""seduction"", 8]"
"[""dan"", 8]"
"[""origin"", 8]"
"[""universal"", 8]"
"[""beetroot"", 8]"
"[""flash"", 8]"
"[""mechanical"", 8]"
"[""pace"", 8]"
"[""talking"", 8]"
"[""chomp"", 8]"
"[""breathe"", 8]"
"[""lynx"", 8]"
"[""python"", 8]"
"[""exponential"", 8]"
"[""spout"", 8]"
"[""paragraph"", 8]"
"[""restrictive"", 8]"
"[""nizam"", 8]"
"[""perdu"", 8]"
"[""poppy"", 8]"
"[""polyglot"", 8]"
"[""die"", 8]"
"[""hello"", 8]"
"[""lucid"", 8]"
"[""qualitative"", 8]"
"[""minimize"", 8]"
"[""kitty"", 8]"
"[""calculated"", 8]"
"[""lesson"", 8]"
"[""father"", 8]"
"[""dreadful"", 8]"
"[""transform"", 8]"
"[""moyen"", 8]"
"[""protest"", 8]"
"[""resistance"", 8]"
"[""weal"", 8]"
"[""edge"", 8]"
"[""mourning"", 8]"
"[""profitability"", 8]"
"[""throwing"", 8]"
"[""worry"", 8]"
"[""diverse"", 8]"
"[""execution"", 8]"
"[""rhythm"", 8]"
"[""doodle"", 8]"
"[""haze"", 8]"
"[""sneaker"", 8]"
"[""eliminate"", 8]"
"[""sight"", 8]"
"[""properly"", 8]"
"[""caddy"", 8]"
"[""impress"", 8]"
"[""satisfying"", 8]"
"[""cream"", 8]"
"[""detection"", 8]"
"[""assembly"", 8]"
"[""prevent"", 8]"
"[""bartender"", 8]"
"[""paced"", 8]"
"[""factor"", 8]"
"[""correct"", 8]"
"[""bigger"", 8]"
"[""bidding"", 8]"
"[""pulse"", 8]"
"[""gorilla"", 8]"
"[""although"", 8]"
"[""yak"", 8]"
"[""acquisition"", 8]"
"[""comparer"", 8]"
"[""rever"", 8]"
"[""employment"", 8]"
"[""avid"", 8]"
"[""cheaply"", 8]"
"[""auction"", 8]"
"[""seating"", 8]"
"[""calling"", 8]"
"[""smith"", 8]"
"[""weekender"", 8]"
"[""taken"", 8]"
"[""dispatch"", 8]"
"[""grab"", 8]"
"[""incentive"", 8]"
"[""classical"", 8]"
"[""nay"", 8]"
"[""newspaper"", 8]"
"[""employ"", 8]"
"[""transparent"", 8]"
"[""lease"", 8]"
"[""endurance"", 8]"
"[""comparable"", 8]"
"[""yield"", 8]"
"[""turnkey"", 8]"
"[""lection"", 8]"
"[""prospective"", 8]"
"[""committee"", 8]"
"[""bout"", 8]"
"[""joy"", 8]"
"[""permit"", 8]"
"[""peanut"", 8]"
"[""encore"", 8]"
"[""malm"", 8]"
"[""speechless"", 8]"
"[""prelude"", 8]"
"[""distraction"", 8]"
"[""newsletter"", 8]"
"[""success"", 8]"
"[""coup"", 8]"
"[""carte"", 8]"
"[""charging"", 8]"
"[""combination"", 8]"
"[""bundle"", 8]"
"[""mentor"", 8]"
"[""camp"", 8]"
"[""simplicity"", 8]"
"[""feeding"", 8]"
"[""socialize"", 8]"
"[""goodness"", 8]"
"[""larder"", 8]"
"[""wastage"", 8]"
"[""lateness"", 8]"
"[""creator"", 8]"
"[""addition"", 8]"
"[""breath"", 8]"
"[""sexy"", 8]"
"[""picked"", 8]"
"[""elevator"", 8]"
"[""introductory"", 8]"
"[""gladius"", 8]"
"[""greener"", 8]"
"[""complicate"", 8]"
"[""informer"", 8]"
"[""constrained"", 8]"
"[""classified"", 8]"
"[""hospitality"", 8]"
"[""illness"", 8]"
"[""unfurnished"", 8]"
"[""burden"", 8]"
"[""deadline"", 8]"
"[""visualizer"", 8]"
"[""kanga"", 8]"
"[""indecisive"", 8]"
"[""sporting"", 8]"
"[""tag"", 8]"
"[""mountain"", 8]"
"[""unwanted"", 8]"
"[""analyses"", 8]"
"[""brought"", 8]"
"[""diver"", 8]"
"[""stalk"", 8]"
"[""fid"", 8]"
"[""cellar"", 8]"
"[""babble"", 8]"
"[""loquence"", 8]"
"[""heliast"", 8]"
"[""equally"", 8]"
"[""surprisingly"", 8]"
"[""ground"", 8]"
"[""split"", 8]"
"[""freely"", 8]"
"[""twenty"", 8]"
"[""eighty"", 8]"
"[""differently"", 8]"
"[""appliance"", 8]"
"[""nearly"", 8]"
"[""crossing"", 8]"
"[""earning"", 8]"
"[""repertoire"", 8]"
"[""kon"", 8]"
"[""spotter"", 8]"
"[""galler"", 8]"
"[""vitality"", 8]"
"[""manufacture"", 8]"
"[""guardian"", 8]"
"[""craving"", 8]"
"[""entrepreneurial"", 8]"
"[""raise"", 8]"
"[""renovate"", 8]"
"[""guidance"", 8]"
"[""hear"", 8]"
"[""legally"", 8]"
"[""estimation"", 8]"
"[""visite"", 8]"
"[""premium"", 8]"
"[""whats"", 8]"
"[""normally"", 8]"
"[""animate"", 8]"
"[""dying"", 8]"
"[""dictionary"", 8]"
"[""additionally"", 8]"
"[""democratize"", 8]"
"[""luck"", 8]"
"[""gig"", 8]"
"[""psychological"", 8]"
"[""winnings"", 8]"
"[""raising"", 8]"
"[""expanding"", 8]"
"[""ended"", 8]"
"[""summer"", 8]"
"[""resulting"", 8]"
"[""sync"", 8]"
"[""fro"", 8]"
"[""device"", 8]"
"[""fishing"", 8]"
"[""maux"", 8]"
"[""icebreaker"", 8]"
"[""advise"", 8]"
"[""lessen"", 8]"
"[""sant"", 8]"
"[""zygomatic"", 8]"
"[""mess"", 8]"
"[""recommend"", 8]"
"[""tackling"", 8]"
"[""insert"", 8]"
"[""aging"", 8]"
"[""necessity"", 8]"
"[""literature"", 8]"
"[""barry"", 8]"
"[""monetize"", 8]"
"[""shift"", 8]"
"[""calypso"", 8]"
"[""economics"", 8]"
"[""laugh"", 8]"
"[""ranked"", 8]"
"[""sticker"", 8]"
"[""relocate"", 8]"
"[""logging"", 8]"
"[""logged"", 8]"
"[""reinforcement"", 8]"
"[""beacon"", 8]"
"[""ultra"", 8]"
"[""clearly"", 8]"
"[""delay"", 8]"
"[""remind"", 8]"
"[""urgent"", 8]"
"[""tacit"", 8]"
"[""whiz"", 8]"
"[""sera"", 8]"
"[""appeal"", 8]"
"[""jammer"", 8]"
"[""factory"", 8]"
"[""merch"", 8]"
"[""figure"", 8]"
"[""maker"", 8]"
"[""react"", 8]"
